original_model	expected_score_count	score_count	missing_score_count	overall_average_score	overall_std_score	gpt_judge_average	gemini_judge_average	claude_judge_average	final_rank
ChatGPT	150	149	1	60.12080536912752	12.591241460204	75.6	59.40816326530612	45.34	3
Gemini	150	148	2	69.56756756756756	15.618827885574932	83.12	77.77083333333333	48.14	2
MineSafe AI	150	150	0	85.60666666666667	7.57946418983042	85.22	94.32	77.28	1
